x1,x2,x3,x4,x5,y
0.33590655,-0.881707068,-0.635150169,0.074273026,-0.7868089,2.868046451
-0.821347948,-1.332442678,1.445353289,0.609055214,0.330341876,0.016397975
-0.178155828,0.394155593,2.252874881,-0.324460506,1.960237054,-1.185097721
2.089420736,-2.857501007,1.50732119,0.478401934,-0.861507731,1.751073908
1.083199448,-0.174482141,2.860786286,-1.276625047,1.417153514,0.681984571
1.790120798,-1.028757909,-0.190857315,-0.692885392,0.127216019,3.102230337
0.035056152,0.88182458,2.580850369,-0.811332295,0.454315136,-2.405726688
0.463828775,-1.701187785,1.354637522,1.111118994,-0.896020387,-0.198588166
1.90097973,-0.282045813,0.483323192,0.30919305,1.319847491,1.941940977
0.187248805,-1.46491147,1.799688044,1.166679094,0.520856344,-0.341474935
-0.996963146,-0.950064142,0.076372001,0.080117309,-0.517787717,0.173697093
-1.410612092,-0.429760766,2.230190654,0.648126574,-0.924457398,-2.254873324
-1.142197292,-0.419403524,-1.387318294,1.171414197,1.473564256,3.203840686
-1.144418055,-0.205113892,0.973790362,-1.751010742,-0.610588136,-0.277872701
0.653356866,-1.900649389,1.719768266,1.603463855,1.741649004,1.086485133
0.808661245,-0.322506941,-0.980526959,-0.137151125,0.076896249,4.062863524
0.068757755,-0.577240141,0.87314683,0.167951287,0.069103657,1.537700148
1.194841284,-0.781733739,-0.262199774,2.634510612,-0.064704414,2.41363218
0.021616923,-1.315859606,-1.820784563,-1.224955771,-0.583004871,3.597989615
1.386566321,-0.469504048,0.024406348,0.131746913,0.436947718,2.499331293
1.605151117,-0.449034048,-0.330408158,1.963055742,-1.499846994,1.545299169
-0.890500744,-0.760189854,-0.617112329,0.434063346,0.825023523,3.320302904
-1.334323308,-0.013456474,-0.062886052,-1.347404815,-0.346119767,-0.383306176
-0.487421529,-1.347411974,2.063672438,3.274524152,0.841687395,-0.588572807
1.515935568,0.829148253,0.480316113,3.254930474,-1.168441099,-0.158886234
-0.110902706,-2.051365967,-2.30550469,-0.461412862,-1.455020625,4.053863332
-0.359163756,-1.442445381,0.39121377,0.418785399,0.356515401,1.003267656
0.589385926,-1.414055008,-0.854932658,0.913193318,1.332350106,4.853778857
1.630033254,-0.102247616,-0.38363486,0.47411675,0.117288149,3.401893753
-0.983441245,1.031135098,1.689464773,-1.79411806,-1.891674525,-3.144767775
-0.021149168,0.060707321,2.113341868,0.838801001,-0.331916908,0.261270501
-1.059260389,-0.56825226,1.831217775,-0.239740153,-0.557152959,-2.427027734
0.588868079,-2.074310097,-0.965478107,1.94043418,0.597305683,5.975781582
-1.159238975,-0.206856874,0.727968327,-0.144991943,-0.706834794,-1.195562223
1.006990908,-0.889965637,1.06622699,-0.017736772,-0.946778085,0.718380669
-0.148717531,-0.97564383,2.21777968,0.706230634,-1.000899028,-3.458820119
1.007999408,0.429998107,1.224870827,0.677618949,-1.514606388,-0.683536564
1.066920182,-0.627889856,-0.007281758,-0.814019616,1.666173216,4.144672509
-0.880459547,-0.627382346,0.15474213,1.305085382,-0.403840608,0.590344907
-1.819126782,-0.327611172,2.446703496,-0.253747673,-0.336964382,-2.91591166
0.71073026,-1.377231983,2.008585818,-0.063187794,1.076551748,1.528275801
0.097189587,-2.263819184,1.296456466,1.892568499,0.220526258,-0.024848006
-1.484358777,0.338857513,2.58595331,0.363404744,-0.500675186,-3.930238847
1.546359331,0.676085407,0.579100636,-0.998921808,0.014030998,1.802884688
1.386904216,-1.674202913,1.731953535,-0.46558066,0.129417553,1.23302848
-1.054250667,-0.039208032,1.301920664,0.163438374,0.399504505,-0.676031459
-1.382167248,0.468279215,0.624622869,0.412198969,0.146737362,-0.785493885
-0.824056273,-1.145376445,0.302196187,0.81250258,0.125021229,0.797804914
-1.155251405,-0.159923346,0.042438749,0.992245044,-1.223913843,-0.397455592
1.19028332,-2.082447065,1.453984979,-0.71278433,0.904450097,2.983004411
-1.894913549,0.063296994,-0.632889505,-0.177959444,1.439084606,0.632264962
1.218607571,0.105586569,-1.268689655,3.711537526,-0.761875884,4.346655401
1.307330032,-0.466026012,0.420634014,0.480259432,-0.002840561,4.135620575
2.55339928,-0.573737324,0.047928304,-1.249683803,-0.188698222,2.809881362
0.156927409,-0.615090456,-1.986594193,0.703556048,0.585672484,4.376749407
1.255496356,1.312076899,0.101205653,0.409510934,-0.185541124,1.571560332
-0.072482105,0.485712354,-1.175631707,0.96769601,0.828400015,3.283072249
-0.251183223,-0.847008505,-0.057028648,0.502023289,-0.743652977,1.173751342
-0.330111415,-1.479002335,0.907341199,0.434340179,0.279218971,-1.733153391
-0.160157776,-1.279749913,0.242274725,-0.226354309,-1.167091156,0.493505173
-0.466801736,-1.404283368,0.213309795,1.741997499,-0.681448176,-0.09071887
2.887268976,-1.070178997,3.164686246,0.445379911,0.604498012,0.650839183
1.148427445,-2.447433495,-0.863869524,1.635739567,0.019481349,3.036477217
0.112502553,-0.042400392,0.383527186,2.051742183,-0.127544848,1.00983852
2.113317236,1.934391074,3.244413167,1.048600589,0.349331001,-2.416168915
-1.143329848,-0.358722049,-0.772147072,0.273265996,-0.366830539,0.615222005
0.411303705,-2.183901165,1.002736607,1.354409784,0.242712597,1.346838852
0.378521953,-0.851993789,0.453110646,0.402684616,0.822260152,2.566060169
-1.474780318,-0.2846645,0.710929446,-1.590821548,-0.393177426,1.879765856
0.507885454,-0.250242513,1.620760916,1.624025868,0.294734981,-2.669331947
-0.301754697,0.04378489,0.792088935,0.082273275,1.407621762,0.643604493
-0.879460036,0.376587313,2.107470216,0.790528455,-0.396861005,-1.000668067
-0.029629725,-2.497355293,0.102230105,-1.096878565,-1.133392608,2.119950448
0.125855813,0.504497157,-0.005994604,1.340169779,-0.221990479,2.232401602
0.580971718,0.38598433,-1.653003019,1.58018203,0.577115913,5.919917856
0.980620466,-0.188708955,0.158566971,-0.979071191,-1.491391514,2.011327979
1.09831292,-1.78088127,-0.236836361,-0.601013361,1.116174204,3.034695444
0.187281807,-1.25469963,-0.358061216,0.099513101,0.01978942,0.020972491
0.845026926,-0.554223683,2.990822265,2.474556134,-0.292699906,-1.983148071
-0.385348745,-0.237627448,0.897559589,-1.332530815,-0.268226937,-1.424638471
-0.566128135,0.065461975,2.24325992,-1.18383786,-0.116277995,-3.057396301
0.005058278,-3.429483703,-1.182261375,0.193274198,-0.028400046,4.261693871
1.209422618,-0.780367386,0.35278317,2.139589186,0.061650658,1.244582869
1.663663209,-0.965338921,0.211514572,-0.389231123,0.891872825,2.871417834
-0.226996727,0.624559277,-0.39384815,1.792813352,-0.058544881,1.880089419
1.714657219,0.040151039,1.313519429,0.803166369,-0.972610843,0.809358902
0.138818443,-1.191680564,1.055501851,0.141722501,-0.434131351,-0.666355977
-0.477621895,1.160860765,3.546734686,0.550250058,-0.56311738,-5.336502362
-1.736337411,-0.938366541,1.14831868,0.60391286,-0.410070922,-0.78319992
-0.57741218,-0.330952319,1.148967468,-1.161047716,-0.67062539,-0.740607987
0.757657119,-0.256555033,2.306651128,0.612880383,0.43207592,-0.081724339
-1.509502791,-0.594653452,1.082487104,-0.721694416,-1.138494667,-3.266852223
0.705349282,0.076659396,-0.755108661,0.259633293,0.041324548,2.211836585
1.093351624,-0.459414884,2.997469095,0.895698018,-1.757988258,-1.236385807
0.258688914,-0.521404032,0.338423886,1.226374601,0.030272701,0.295334556
-0.385417687,-1.476093641,-0.249295478,0.795806205,-0.088294573,0.830417654
1.873279955,-0.834768003,-0.131263513,1.765348004,0.950830998,5.410921282
0.835363896,-0.267761326,2.126146758,0.337326261,0.344678659,0.851139505
-1.89086925,0.333437135,1.869397443,1.836119035,0.144211711,-2.064655296
-1.053414476,-0.252224597,0.937795205,0.129772512,-2.440693789,-3.400314835
0.614719199,0.329940914,-0.788138365,0.7353093,-0.069372142,3.838000499
1.458733213,-0.125538644,0.644056874,-0.78560352,-0.012327601,0.910416749
1.733189357,-2.617337807,0.847766466,0.9380846,-0.679510874,0.577947492
0.203025196,-0.393170988,0.828542686,0.979955661,-2.196485553,-1.775295666
1.670200023,0.109705088,0.630346542,-0.10638772,0.56399065,2.603377816
1.530963808,0.340795112,2.442584014,-1.217732303,0.208056825,0.607271693
-0.405982346,0.010602525,0.506223357,-0.85224237,-0.521988576,-0.287261357
1.314737992,-2.065689798,1.913904713,-1.158791303,-0.575187313,-0.848211733
0.902302882,-1.480501368,-0.544376624,0.689077379,-0.439978803,1.963399985
-0.76796611,0.773281363,-0.276737902,-0.320820723,-0.013001316,-0.08528829
0.003204636,-0.458914033,-0.978432905,0.440668951,0.051116528,1.979414794
0.22912165,-1.434642517,2.252038334,0.836372229,-0.668380073,-1.155693055
-0.961902782,0.106156141,1.593334677,1.969455878,0.705405164,-0.564852052
1.894917081,-0.841025774,1.697107067,-0.101855347,-0.347243402,1.659368244
-0.172564953,0.452144936,1.435391628,-1.17587996,1.688022202,1.149760512
-1.02161583,0.361336608,0.577195306,0.66459801,0.417424143,0.216389373
-1.187730957,0.109606591,0.369128936,-0.777900231,-0.088394366,0.296963308
2.574623746,-0.66299741,-1.732389067,0.185766719,-1.197147457,3.623285773
0.32194496,-0.6655686,0.243588129,0.022451605,-1.295996381,-0.446800191
0.18668012,-2.129479345,0.88548032,0.942749104,-1.207001156,-0.510163651
-0.136985445,-2.490977761,0.344580019,0.684425833,0.159869387,0.30536004
-0.384279902,-0.137415007,-1.933396624,0.206539586,1.532236192,5.082893571
-0.342683747,-1.141690285,2.353292589,1.041354336,-0.856255829,-2.800398998
1.302414452,-2.192492685,-0.832585834,1.158525568,-1.062435276,4.098171139
0.340689336,0.206730151,-0.619554822,-0.637710097,-0.032580745,3.516539743
0.041208361,-0.150052705,0.916429412,-1.175228531,-1.346729549,-0.18349473
-0.375503571,-1.298573434,-0.245454123,-1.084421665,-0.23421356,0.931124569
0.583555163,-0.44460476,0.652476453,0.56891068,0.134559554,0.354820608
-0.89527541,-1.401441853,1.186207281,0.570286243,0.94225754,-0.140333631
1.490080106,-1.679177533,1.664092263,0.520874343,0.388415732,0.365410546
0.50297182,-1.01021412,0.567394468,1.646217026,0.166434285,0.804989611
-0.944173448,0.531303714,0.062496964,1.441869765,-0.67891237,-0.992793366
-0.160149734,-0.0437095,-0.664949283,2.03629997,0.17196646,3.731504249
-1.240376118,0.116686505,0.268215949,0.350245072,0.404383126,0.702421448
0.746757294,-0.103971217,0.790210207,0.764430643,-0.782972179,0.708578539
-1.378681954,1.277118154,1.960502075,0.795707653,-0.233634986,-3.997243102
0.882086913,-2.324544092,2.625905114,1.749493993,-0.388030659,-0.532228344
1.82180379,1.35022733,0.913380909,0.663875359,0.468650398,3.53960479
1.023441091,0.429255943,-1.48194118,1.073058525,0.664084261,5.934409416
1.602493742,-0.907167682,1.912082285,0.308720076,0.973124737,-0.587449854
-0.356100087,-2.708614229,1.532947983,-0.990247555,-0.04238506,-2.834905821
-1.639989085,-1.337251607,1.209485168,0.373618022,-0.293087385,-3.434537065
0.33134646,-1.236656907,1.623739678,0.309888605,1.41785756,1.455733491
1.564565789,-0.240851707,3.530720854,3.189869934,1.00128861,0.380219719
-0.11666068,-0.048027673,1.702352939,3.330625543,-0.185694238,0.913906136
0.510309429,-0.10706987,-0.544074355,0.912979832,0.863283282,4.449934513
-2.26606387,0.273791435,-0.215378611,0.530686328,-1.185470048,-0.573646233
-0.650476063,0.470135819,-0.913020994,0.481861195,-0.734877521,0.604207426
1.198997436,0.221406118,0.407530587,0.701615545,-0.669824911,1.799148806
0.117542539,-0.512269832,-0.610598005,1.404851196,0.389653231,2.451325301
0.470087621,-0.511735969,2.60348252,0.226374623,-1.445025676,-1.635485069
1.079678748,0.716362175,1.328081526,-0.442610882,0.164503785,2.66225229
-0.338799513,0.008119752,1.005951749,-0.649376093,-0.431323039,-0.997272103
-0.821448107,-3.029109326,-0.247294826,0.455393103,-0.433329883,-0.170244315
2.569808629,-0.67010051,-2.164465155,2.258387508,1.179447738,7.387766733
0.989144733,-1.358380042,2.189798501,1.617370224,-0.171413544,0.809915655
0.997767942,-0.201354702,-0.186251284,-0.046346148,-0.675308927,2.470460445
0.151218811,-3.047827909,0.685137674,0.515125997,-0.690948507,0.386370512
-0.000857447,-1.383216859,0.230592626,1.2691285,-0.686759115,1.132740598
1.527785377,1.171988932,-1.014957444,2.064112323,-0.347623466,2.630406985
0.584682114,-1.107584378,-1.113172985,-0.591405406,-0.480650349,3.620078158
-1.5888155,0.229818625,-1.230602158,-0.236765141,0.452551556,1.0248925
1.088953584,-0.499263301,-0.750141775,1.192292106,-1.234587069,3.725397477
0.392876551,-0.199845994,-1.715761046,1.68917342,-0.18915782,2.571375251
2.259560569,0.391529676,0.690832981,2.416635416,-0.269651685,1.505869215
1.677880964,-0.178523187,-0.027074243,0.225202095,0.695782798,4.190234848
-0.056256438,-0.577108001,-0.015824192,0.844475751,0.279557956,2.319078173
0.62872404,-0.304558113,0.373786751,-0.158512658,0.521729044,0.685082556
1.056819067,-1.624643953,-0.352017744,1.626725304,-0.702892211,1.761575598
0.644043054,-0.954094902,2.119189172,0.731199489,-0.484593276,-1.60270965
-0.365933756,-0.991251282,0.89935147,1.701515035,0.052962149,0.194221799
1.680792142,0.458030179,0.221580407,-1.158554712,0.366034756,2.183603598
1.976669495,-1.564527435,0.587272586,1.216077198,0.260721312,2.423439605
-0.758982331,-0.47383677,0.721715258,-2.441141109,-1.245057841,-1.410321365
-2.337720989,-1.205871604,-0.219429143,-0.218803142,0.165138301,1.318433621
1.123800674,-0.341636958,0.009078637,0.659287809,-1.4960049,1.066507509
0.798594067,-1.159030497,-0.347830828,-0.259918666,-1.499969757,2.642767314
-0.14958292,-1.101505479,2.225375268,-0.566556153,-0.208544243,-1.789104891
0.790808302,-0.553079056,-1.511642971,-1.001620444,-0.292475802,4.428685764
0.259228547,-0.687084265,0.910687731,0.265081569,-0.230029774,-0.384864391
-1.566619416,1.24200852,-1.827717959,1.843000382,-0.184738889,1.845582807
1.872710036,-0.393976686,1.081293195,-0.558181635,-0.133099131,2.349819525
0.93525593,-1.408372708,0.557966737,0.298327352,0.694212927,1.150270843
-0.017680436,-0.367935768,-0.156448398,2.033452853,0.210635871,1.475306848
0.839681437,-0.967005775,-0.121177697,0.11408325,0.398709068,2.699759939
-1.88177701,0.424050478,0.323064621,0.066923564,-0.58967132,0.432191153
-0.283919796,-0.344603667,-1.379190531,1.582105271,-0.587558782,3.16400998
2.509045986,-0.663009923,0.212002685,-0.209623246,-0.939946546,3.272749368
-0.90796209,0.125775893,1.762248004,0.752892758,-0.111513148,-0.64738426
1.067267017,-1.500007329,2.142767643,1.41850017,0.009189011,0.659817798
0.900657456,-0.712626329,0.718162333,-0.282184039,-0.525177897,1.439243981
-0.98751747,-1.906040573,-0.743052486,0.700513446,-1.283471646,0.96934127
-1.350287867,-1.613332166,0.311368408,0.052924985,-0.615381633,-0.211216017
-0.569045766,0.253852502,0.722668079,-1.185928377,-0.437701652,0.134606564
-0.899445532,-1.451058889,-0.330023356,2.089478581,-0.864685986,1.888398109
-0.041196412,-1.400541347,0.086786023,1.293855881,0.307652971,0.266941987
-0.158134647,-2.19376658,-0.79030448,0.041479939,-0.113920479,3.584055261
0.355081298,-0.366264199,1.542533079,-0.362993869,0.439988844,-1.047741325
-0.143416834,-0.142314082,1.370289471,-0.958682448,-1.142831979,-1.009895648
0.537859844,-1.606968073,-0.888429372,0.471181381,0.446033286,4.526021455
